GearID,IndvID,Species_Name,Total_Length_mm,Weight_grams,,,,
7628,48386,Lake sturgeon,626,1300,,,,
7628,48387,Lake sturgeon,551,800,,,,
7628,48388,Lake sturgeon,581,900,,,,
7628,48389,Lake sturgeon,530,700,,,,
7628,48390,Lake sturgeon,575,900,,,,
7628,48391,Lake sturgeon,555,,,,,
8628,58087,White sucker,472,1140,,,,
8628,58088,Walleye,551,2200,,,,
8628,58089,White sucker,519,1170,,,,
8628,58090,Walleye,560,2210,,,,
8628,58091,Walleye,524,1160,,,,
8628,58092,Lake trout (Hatchery),763,4440,,,,
8628,58093,Lake trout (Hatchery),715,3700,,,,
8628,58094,Walleye,522,2000,,,,
8628,58095,Lake trout (Hatchery),749,4800,,,,
8628,58096,White sucker,435,1400,,,,
8628,58097,White sucker,471,1500,,,,
8628,58098,Unidentified redhorse,459,1300,,,,
8628,58099,White sucker,454,1500,,,,
8628,58100,Walleye,560,1190,,,,
8628,58101,White sucker,452,1300,,,,
8628,58102,Smallmouth bass,379,1100,,,,
8628,58103,Coho salmon,595,2000,,,,
8628,58104,White sucker,510,1800,,,,
8628,58105,White sucker,454,1400,,,,
8628,58106,Lake trout (Hatchery),724,3100,,,,
8628,58107,Brown trout,510,1900,,,,
8628,58108,Walleye,524,2000,,,,
8628,58109,Lake trout (Hatchery),654,3100,,,,
8628,58110,Brown trout,509,1500,,,,
8628,58111,Walleye,595,2500,,,,
8633,58112,Walleye,584,2100,,,,
8633,58113,Walleye,519,1160,,,,
8633,58114,Longnose sucker,437,1200,,,,
8633,58115,Walleye,494,1140,,,,
8633,58116,Walleye,483,1140,,,,
8633,58117,White sucker,470,1150,,,,
8633,58118,Walleye,564,2140,,,,
8633,58119,Walleye,507,1140,,,,
8633,58120,Walleye,513,1160,,,,
8633,58121,Walleye,522,1150,,,,
8633,58122,Walleye,557,1900,,,,
8633,58123,White sucker,462,1140,,,,
8634,58124,Lake trout (Wild),1000,11000,,,,
8637,58125,Lake trout (Hatchery),985,10896,,,,
8638,58126,White sucker,472,1400,,,,
8638,58127,Walleye,593,2400,,,,
8638,58128,Unidentified redhorse,424,1000,,,,
8638,58129,Walleye,592,2200,,,,
8638,58130,White sucker,431,1100,,,,
8638,58131,White sucker,458,1300,,,,
8638,58132,White sucker,441,1200,,,,
8638,58133,White sucker,470,1400,,,,
8638,58134,Longnose sucker,404,900,,,,
8638,58135,White sucker,464,1400,,,,
8638,58136,Walleye,590,2200,,,,
8638,58137,Lake trout (Wild),794,4800,,,,
8642,58138,Walleye,562,2100,,,,
8647,58139,Walleye,563,1800,,,,
8647,58140,Walleye,482,1500,,,,
8647,58141,Chinook salmon,560,1800,,,,
8647,58142,Walleye,602,2700,,,,
8647,58143,Rainbow trout (Steelhead),611,2000,,,,
8647,58144,Lake trout (Wild),705,2900,,,,
8648,58145,Lake sturgeon,334,,,,,
8648,58146,Walleye,546,2000,,,,
8648,58147,Walleye,580,2200,,,,
8648,58148,Brown trout,400900,,,,,
8648,58149,Walleye,514,1400,,,,
8648,58150,Walleye,480,1200,,,,
8648,58151,Walleye,501,1300,,,,
8656,58152,Lake trout (Hatchery),668,2357,,,,
8656,58153,Longnose sucker,462,1306,,,,
8656,58154,White sucker,476,1392,,,,
8661,58155,Lake sturgeon,594,936,,,,
8661,58156,White sucker,429,966,,,,
8661,58157,Walleye,498,1420,,,,
8661,58158,Longnose sucker,463,1136,,,,
8661,58159,Longnose sucker,422,966,,,,
8661,58160,Longnose sucker,484,1363,,,,
8661,58161,Longnose sucker,474,1278,,,,
8661,58162,Longnose sucker,437,1164,,,,
8661,58163,Longnose sucker,423,966,,,,
8661,58164,Longnose sucker,454,1250,,,,
8661,58165,Longnose sucker,472,1306,,,,
8661,58166,Longnose sucker,423,1022,,,,
8661,58167,Longnose sucker,455,1221,,,,
8661,58168,Longnose sucker,493,1420,,,,
8661,58169,Longnose sucker,409,937,,,,
8661,58170,White sucker,456,1221,,,,
8661,58171,White sucker,446,1221,,,,
8661,58172,White sucker,492,1392,,,,
8661,58173,Longnose sucker,488,1477,,,,
8661,58174,White sucker,470,1278,,,,
8661,58175,Longnose sucker,448,994,,,,
8661,58176,Longnose sucker,437,966,,,,
8661,58177,Longnose sucker,438,1136,,,,
8661,58178,Shorthead redhorse,497,1420,,,,
8661,58179,Burbot,610,1619,,,,
8666,58180,Lake sturgeon,655,1419,,,,
8666,58181,Longnose sucker,395,795,,,,
8666,58182,Longnose sucker,455,1079,,,,
8666,58183,Longnose sucker,469,1164,,,,
8666,58184,White sucker,468,1250,,,,
8666,58185,Longnose sucker,473,1335,,,,
8666,58186,Smallmouth bass,417,1193,,,,
8666,58187,Coho salmon,510,1108,,,,
8749,61382,Walleye,605,2452,,,,
8749,61383,Longnose sucker,429,1180,,,,
8749,61384,Longnose sucker,477,1544,,,,
8749,61385,Longnose sucker,447,953,,,,
8749,61386,Longnose sucker,440,1271,,,,
8749,61387,Longnose sucker,420,999,,,,
8749,61388,Longnose sucker,473,1453,,,,
8749,61389,Longnose sucker,421,1090,,,,
8749,61390,Longnose sucker,468,962,,,,
8749,61391,Longnose sucker,456,972,,,,
8749,61392,Longnose sucker,473,976,,,,
8749,61393,Longnose sucker,486,1544,,,,
8749,61394,Lake whitefish,596,1998,,,,
8754,61395,Longnose sucker,472,1271,,,,
8754,61396,Longnose sucker,453,953,,,,
8754,61397,Longnose sucker,444,1271,,,,
8754,61398,Longnose sucker,453,1317,,,,
8754,61399,Longnose sucker,442,1044,,,,
8754,61400,Longnose sucker,455,953,,,,
8754,61401,Longnose sucker,467,953,,,,
8754,61402,Longnose sucker,494,1634,,,,
8754,61403,Longnose sucker,438,953,,,,
8754,61404,Longnose sucker,406,908,,,,
8754,61405,Longnose sucker,446,962,,,,
8754,61406,Longnose sucker,480,1453,,,,
8754,61407,Longnose sucker,450,953,,,,
8754,61408,Longnose sucker,425,953,,,,
8754,61409,Longnose sucker,487,1680,,,,
8754,61410,White sucker,470,1362,,,,
8754,61411,Longnose sucker,464,972,,,,
8754,61412,Longnose sucker,467,976,,,,
8754,61413,Silver redhorse,450,1317,,,,
8754,61414,Longnose sucker,410,953,,,,
8754,61415,Longnose sucker,448,958,,,,
8759,61416,Lake sturgeon,800,2769,,,,
8759,61417,White sucker,486,967,,,,
8759,61418,White sucker,461,967,,,,
8759,61419,White sucker,419,1226,,,,
8759,61420,White sucker,502,1544,,,,
8759,61421,White sucker,470,972,,,,
8759,61422,White sucker,452,972,,,,
8759,61423,White sucker,455,953,,,,
8759,61424,White sucker,446,967,,,,
8759,61425,White sucker,475,976,,,,
8759,61426,White sucker,433,949,,,,
8759,61427,White sucker,436,1271,,,,
8759,61428,White sucker,486,976,,,,
8759,61429,White sucker,456,1407,,,,
8759,61430,White sucker,484,1725,,,,
8759,61431,White sucker,452,972,,,,
8759,61432,White sucker,428,1180,,,,
8759,61433,White sucker,455,962,,,,
8759,61434,White sucker,446,953,,,,
8759,61435,White sucker,468,962,,,,
8759,61436,White sucker,473,1498,,,,
8759,61437,White sucker,497,1589,,,,
8759,61438,White sucker,474,962,,,,
8759,61439,White sucker,460,972,,,,
8759,61440,White sucker,425,1090,,,,
8759,61441,White sucker,433,1226,,,,
8759,61442,White sucker,422,1044,,,,
8759,61443,White sucker,496,1407,,,,
8759,61444,White sucker,465,1453,,,,
8759,61445,White sucker,498,1544,,,,
8759,61446,White sucker,460,1271,,,,
8759,61447,White sucker,435,1317,,,,
8759,61448,White sucker,430,953,,,,
8759,61449,White sucker,427,1180,,,,
8759,61450,White sucker,448,1217,,,,
8759,61451,White sucker,463,1453,,,,
8759,61452,White sucker,440,1271,,,,
8759,61453,White sucker,430,1180,,,,
8759,61454,Walleye,450,1090,,,,
8759,61455,White sucker,424,1090,,,,
8759,61456,White sucker,474,1453,,,,
8759,61457,White sucker,473,1407,,,,
8759,61458,White sucker,493,1498,,,,
8759,61459,White sucker,443,1317,,,,
8759,61460,White sucker,385,508,,,,
8759,61461,Longnose sucker,453,1226,,,,
8759,61462,Longnose sucker,474,972,,,,
8759,61463,Silver redhorse,535,2043,,,,
8759,61464,White sucker,517,1861,,,,
8759,61465,Silver redhorse,432,1180,,,,
8759,61466,White sucker,485,1407,,,,
8759,61467,Silver redhorse,445,999,,,,
8759,61468,Silver redhorse,415,908,,,,
8759,61469,White sucker,438,1180,,,,
5806,28706,Lake trout (Wild),595,1700,,,,
5806,28707,Walleye,510,,,,,
5806,28708,Walleye,618,,,,,
5806,28709,Lake sturgeon,600,,,,,
5814,28710,Walleye,578,,,,,
5814,28711,Walleye,600,,,,,
5814,28712,Lake sturgeon,530,,,,,
5818,28713,Walleye,455,,,,,
5818,28714,Walleye,571,,,,,
5818,28715,Walleye,536,,,,,
5818,28716,Lake whitefish,522,,,,,
5818,28717,Lake trout (Wild),571,,,,,
5818,28718,Walleye,460,,,,,
5818,28719,Round whitefish,405,,,,,
5818,28720,Walleye,509,,,,,
5825,28721,Walleye,490,,,,,
5825,28722,Walleye,511,,,,,
5825,28723,Walleye,558,,,,,
5825,28724,Walleye,566,,,,,
5825,28725,Walleye,509,,,,,
5825,28726,Walleye,474,,,,,
5825,28727,Walleye,523,,,,,
5825,28728,Lake trout (Wild),631,,,,,
5825,28729,Lake sturgeon,500,,,,,
5826,28730,Northern pike,650,,,,,
5830,28731,Lake trout (Wild),566,,,,,
5830,28732,Lake sturgeon,378,300,,,,
5830,28733,Lake sturgeon,678,1300,,,,
5830,28734,Lake sturgeon,591,900,,,,
5832,28735,Lake trout (Hatchery),912,,,,,
5834,28736,Lake trout (Hatchery),608,,,,,
5834,28737,Lake trout (Hatchery),852,,,,,
5834,28738,Lake trout (Hatchery),673,,,,,
5834,28739,Walleye,462,,,,,
5834,28740,Lake trout (Wild),689,,,,,
5834,28741,Lake trout (Hatchery),793,,,,,
6486,30065,Walleye,534,1500,,,,
6486,30066,Walleye,502,1300,,,,
6486,30067,Walleye,520,1500,,,,
6486,30068,Lake sturgeon,668,1550,,,,
6486,30069,Lake sturgeon,651,1500,,,,
6491,30070,Walleye,436,830,,,,
6491,30071,Walleye,529,1700,,,,
6491,30072,Walleye,556,1600,,,,
6491,30073,Walleye,508,1450,,,,
6500,30074,Walleye,508,1300,,,,
6557,30084,Walleye,552,,,,,
6568,30085,Lake sturgeon,620,,,,,
6574,30087,Round whitefish,312,,,,,
6588,30088,Walleye,491,,,,,
6588,30089,Lake sturgeon,614,1100,,,,
6587,30090,Lake sturgeon,791,2900,,,,
6596,30094,Lake trout (Hatchery),908,,,,,
6605,30095,Walleye,550,,,,,
6605,30096,Walleye,500,,,,,
6605,30097,Walleye,531,,,,,
6605,30098,Walleye,511,,,,,
6605,30099,Walleye,518,,,,,
6605,30100,Walleye,525,,,,,
6605,30101,Walleye,516,,,,,
6605,30102,Walleye,540,,,,,
6605,30103,Walleye,555,,,,,
6605,30104,Walleye,524,,,,,
6605,30105,Walleye,527,,,,,
6605,30106,Lake sturgeon,534,600,,,,
6605,30107,Lake sturgeon,658,1350,,,,
6605,30108,Lake sturgeon,640,1300,,,,
6605,30109,Lake sturgeon,513,550,,,,
6605,30111,Lake sturgeon,437,250,,,,
6617,30116,Smallmouth bass,394,,,,,
6617,30117,Walleye,535,,,,,
6629,30123,Lake sturgeon,986,5500,,,,
6632,30124,Walleye,551,,,,,
6632,30125,Walleye,494,,,,,
6632,30126,Walleye,533,,,,,
6632,30127,Walleye,572,,,,,
6632,30128,Walleye,523,,,,,
6632,30129,Walleye,520,,,,,
6632,30130,Walleye,531,,,,,
6632,30131,Walleye,477,,,,,
6632,30132,Walleye,524,,,,,
6632,30133,Walleye,557,,,,,
6632,30134,Walleye,522,,,,,
6632,30135,Walleye,525,,,,,
6632,30136,Walleye,501,,,,,
6632,30137,Walleye,506,,,,,
6632,30138,Lake sturgeon,658,1450,,,,
6632,30139,Lake sturgeon,451,500,,,,
6632,30140,Lake sturgeon,610,1000,,,,
6632,30141,Lake sturgeon,478,700,,,,
6632,30142,Lake sturgeon,536,650,,,,
6632,30143,Lake sturgeon,402,300,,,,
6632,30144,Lake sturgeon,658,1400,,,,
6632,30145,Lake sturgeon,585,1100,,,,
6632,30146,Lake sturgeon,590,1100,,,,
6632,30147,Lake sturgeon,579,1000,,,,
6632,30148,Lake sturgeon,628,1350,,,,
6632,30149,Lake sturgeon,471,500,,,,
6632,30150,Lake sturgeon,605,1050,,,,
6632,30151,Lake sturgeon,664,1700,,,,
6632,30152,Lake sturgeon,401,250,,,,
6632,30154,Lake sturgeon,628,1200,,,,
6632,30156,Lake sturgeon,500,600,,,,
6632,30157,Lake sturgeon,452,400,,,,
6640,30161,Lake whitefish,822,,,,,
6644,30169,Smallmouth bass,365,,,,,
6644,30170,Lake whitefish,554,,,,,
6644,30171,Walleye,610,,,,,
6644,30172,Walleye,533,,,,,
6644,30173,Lake whitefish,616,,,,,
6644,30174,Lake whitefish,514,,,,,
6644,30175,Walleye,584,,,,,
6644,30176,Walleye,515,,,,,
6644,30177,Walleye,490,,,,,
6644,30178,Lake sturgeon,631,1250,,,,
6644,30179,Lake sturgeon,673,1500,,,,
6644,30180,Lake sturgeon,668,1500,,,,
7604,48312,Lake sturgeon,576,,,,,
7604,48313,Lake sturgeon,622,,,,,
7604,48314,Lake sturgeon,566,,,,,
7604,48315,Lake sturgeon,595,,,,,
7604,48316,Lake sturgeon,655,,,,,
7604,48317,Lake sturgeon,777,,,,,
7604,48318,Lake sturgeon,582,,,,,
7604,48319,Lake sturgeon,601,,,,,
7604,48320,Lake sturgeon,541,,,,,
7604,48321,Lake sturgeon,580,,,,,
7604,48322,Lake sturgeon,632,,,,,
7604,48323,Lake sturgeon,640,,,,,
7604,48324,Lake sturgeon,633,,,,,
7604,48325,Lake sturgeon,590,,,,,
7604,48326,Lake sturgeon,741,,,,,
7605,48327,Lake sturgeon,773,,,,,
7606,48328,Lake sturgeon,601,,,,,
7606,48329,Lake sturgeon,772,,,,,
7606,48330,Lake sturgeon,775,,,,,
7606,48331,Lake sturgeon,626,,,,,
7606,48332,Lake sturgeon,674,,,,,
7606,48333,Lake sturgeon,536,,,,,
7606,48334,Lake sturgeon,555,,,,,
7606,48335,Lake sturgeon,614,,,,,
7606,48336,Lake sturgeon,711,,,,,
7606,48337,Lake sturgeon,604,,,,,
7606,48338,Lake sturgeon,533,,,,,
7606,48339,Lake sturgeon,600,,,,,
7612,48340,Lake sturgeon,686,1500,,,,
7612,48341,Lake sturgeon,632,1100,,,,
7612,48342,Lake sturgeon,591,800,,,,
7612,48343,Lake sturgeon,633,1700,,,,
7612,48344,Lake sturgeon,584,900,,,,
7612,48345,Lake sturgeon,580,1300,,,,
7612,48346,Lake sturgeon,791,2200,,,,
7612,48347,Lake sturgeon,590,800,,,,
7612,48348,Lake sturgeon,592,800,,,,
7612,48349,Lake sturgeon,586,800,,,,
7612,48350,Lake sturgeon,735,1700,,,,
7612,48351,Lake sturgeon,626,1200,,,,
7612,48352,Lake sturgeon,572,600,,,,
7612,48353,Lake sturgeon,575,900,,,,
7612,48354,Lake sturgeon,560,700,,,,
7612,48355,Lake sturgeon,542,700,,,,
7612,48356,Lake sturgeon,616,900,,,,
7616,48357,Lake sturgeon,962,5100,,,,
7617,48358,Lake sturgeon,597,1000,,,,
7617,48359,Lake sturgeon,565,600,,,,
7622,48360,Lake sturgeon,855,2700,,,,
7626,48361,Lake sturgeon,611,700,,,,
7626,48362,Lake sturgeon,562,700,,,,
7626,48363,Lake sturgeon,574,1000,,,,
7626,48364,Lake sturgeon,585,900,,,,
7626,48365,Lake sturgeon,536,750,,,,
7626,48366,Lake sturgeon,616,1100,,,,
7626,48367,Lake sturgeon,537,700,,,,
7626,48368,Lake sturgeon,639,1300,,,,
7626,48369,Lake sturgeon,606,1000,,,,
7626,48370,Lake sturgeon,586,1100,,,,
7626,48371,Lake sturgeon,587,1100,,,,
7626,48372,Lake sturgeon,467,550,,,,
7626,48376,Lake sturgeon,747,2200,,,,
7626,48383,Lake sturgeon,596,1000,,,,
7626,48385,Lake sturgeon,587,950,,,,
8792,61479,Lake trout (Wild),571,1800,,,,
8792,61480,White sucker,435,1100,,,,
8792,61481,White sucker,489,1500,,,,
8792,61482,White sucker,482,1500,,,,
8792,61483,White sucker,468,1400,,,,
8792,61484,Longnose sucker,448,1400,,,,
8797,61486,White sucker,505,1500,,,,
8797,61487,White sucker,503,1700,,,,
8797,61488,White sucker,458,1300,,,,
8797,61489,White sucker,486,1000,,,,
8797,61490,Longnose sucker,420,1000,,,,
8797,61491,Silver redhorse,448,1000,,,,
8797,61492,Walleye,525,16,,,,
8797,61493,Coho salmon,585,2200,,,,
8797,61494,Lake whitefish,532,1400,,,,
8797,61495,Brown trout,519,1850,,,,
8797,61496,Lake whitefish,568,1600,,,,
8797,61497,Lake whitefish,505,1050,,,,
8797,61498,Brown trout,704,3750,,,,
8803,61499,Longnose sucker,470,1500,,,,
8803,61500,White sucker,449,1200,,,,
8803,61501,Longnose sucker,445,1200,,,,
8803,61502,Longnose sucker,487,1500,,,,
8803,61503,Longnose sucker,473,1400,,,,
8803,61504,White sucker,486,1600,,,,
8803,61505,White sucker,479,1500,,,,
8803,61506,Longnose sucker,454,1400,,,,
8803,61507,White sucker,474,1400,,,,
8803,61508,White sucker,465,1300,,,,
8803,61509,Longnose sucker,478,1600,,,,
8803,61510,White sucker,483,1500,,,,
8803,61511,White sucker,445,1400,,,,
8803,61512,Longnose sucker,457,1400,,,,
8803,61513,White sucker,490,1600,,,,
8803,61514,Longnose sucker,475,1400,,,,
8803,61515,Longnose sucker,464,1300,,,,
8803,61516,Shorthead redhorse,480,1300,,,,
8803,61517,Lake whitefish,516,1150,,,,
8809,61518,Shorthead redhorse,450,1300,,,,
8809,61519,Shorthead redhorse,488,1500,,,,
8809,61520,White sucker,480,1500,,,,
8809,61521,White sucker,474,1400,,,,
8809,61522,Lake trout (Wild),858,5900,,,,
8809,61523,Silver redhorse,431,1000,,,,
8809,61524,Longnose sucker,469,1500,,,,
8809,61525,Walleye,509,1400,,,,
8809,61526,Brown trout,541,1800,,,,
8809,61527,Lake whitefish,521,1600,,,,
8809,61528,Brown trout,602,3050,,,,
8809,61529,Lake whitefish,547,1600,,,,
8813,61531,White sucker,474,1500,,,,
8813,61532,Longnose sucker,497,1500,,,,
8813,61533,Longnose sucker,466,1500,,,,
8813,61534,White sucker,470,1300,,,,
8813,61535,White sucker,440,1200,,,,
8813,61536,White sucker,481,1600,,,,
8813,61537,Longnose sucker,472,1600,,,,
8813,61538,Longnose sucker,414,1400,,,,
8813,61539,Longnose sucker,457,1200,,,,
8813,61540,Walleye,520,1500,,,,
8813,61541,Walleye,559,2000,,,,
8813,61542,Coho salmon,640,2750,,,,
8813,61543,Brown trout,652,3050,,,,
8813,61544,Lake trout (Wild),567,1450,,,,
8814,61545,Shorthead redhorse,472,1300,,,,
8814,61546,Longnose sucker,495,1500,,,,
8814,61547,Shorthead redhorse,460,1200,,,,
8814,61548,Longnose sucker,416,1100,,,,
8814,61549,Longnose sucker,487,1600,,,,
8814,61550,Lake trout (Wild),592,2000,,,,
8814,61551,Walleye,547,1600,,,,
8814,61552,Lake sturgeon,449,400,,,,
8814,61553,Walleye,514,1400,,,,
8814,61554,Walleye,475,1250,,,,
8817,61555,Shorthead redhorse,400,600,,,,
8817,61556,White sucker,506,1600,,,,
8817,61557,White sucker,462,1300,,,,
8817,61558,Coho salmon,614,2100,,,,
8817,61559,Longnose sucker,405,1000,,,,
8817,61560,Coho salmon,595,2100,,,,
8817,61561,Brown trout,520,1550,,,,
8817,61562,Brown trout,548,2050,,,,
8819,61563,Lake trout (Hatchery),727,4000,,,,
8824,61564,Lake sturgeon,720,1700,,,,
8824,61565,Lake trout (Hatchery),730,3400,,,,
8824,61566,Lake trout (Wild),628,2400,,,,
8824,61567,Lake trout (Hatchery),710,3200,,,,
8824,61568,Silver redhorse,445,1400,,,,
8824,61569,Silver redhorse,535,2500,,,,
8824,61570,Walleye,438,900,,,,
8824,61571,Walleye,511,1600,,,,
8824,61572,Shorthead redhorse,455,1100,,,,
8824,61573,White sucker,500,1800,,,,
8824,61574,White sucker,471,1300,,,,
8824,61575,White sucker,439,1100,,,,
8824,61576,Walleye,488,1300,,,,
8824,61577,Muskellunge,878,5500,,,,
8824,61578,Lake trout (Hatchery),760,4300,,,,
8827,61579,Lake sturgeon,465,,,,,
8827,61580,Northern pike,747,2800,,,,
8827,61581,Lake whitefish,536,1400,,,,
8827,61582,Lake whitefish,536,1550,,,,
8827,61583,Lake whitefish,524,1450,,,,
8827,61584,Lake whitefish,596,2200,,,,
8827,61585,Rainbow trout (Steelhead),484,1300,,,,
8827,61586,Lake trout (Wild),751,5400,,,,
8827,61587,Walleye,666,5300,,,,
8827,61588,Walleye,490,1200,,,,
8827,61589,Brown trout,480,1400,,,,
8827,61590,Brown trout,541,2050,,,,
8827,61591,Brown trout,514,1550,,,,
8827,61592,Brown trout,525,1550,,,,
8827,61593,Chinook salmon,664,3600,,,,
8830,61594,Walleye,432,900,,,,
8830,61595,Walleye,494,1400,,,,
8830,61596,Walleye,550,1900,,,,
8830,61597,White sucker,464,1200,,,,
8830,61598,Longnose sucker,488,1500,,,,
8830,61599,Longnose sucker,469,1300,,,,
8830,61600,Silver redhorse,457,1300,,,,
8830,61601,Longnose sucker,444,1000,,,,
8830,61602,White sucker,460,1200,,,,
8830,61603,Silver redhorse,482,1500,,,,
8830,61604,Longnose sucker,461,1300,,,,
8830,61605,Longnose sucker,464,1200,,,,
8830,61606,Longnose sucker,491,1500,,,,
8830,61607,White sucker,422,1100,,,,
8830,61608,Longnose sucker,425,1100,,,,
8833,61609,White sucker,442,1100,,,,
8833,61610,Longnose sucker,440,1300,,,,
8833,61611,Longnose sucker,468,1500,,,,
8833,61612,Longnose sucker,425,1100,,,,
8833,61613,White sucker,477,1600,,,,
8833,61614,Longnose sucker,457,1500,,,,
8833,61615,Lake trout (Wild),609,2000,,,,
8833,61616,Walleye,490,1300,,,,
8833,61617,Lake whitefish,595,2200,,,,
8836,61618,Lake sturgeon,526,800,,,,
8836,61619,Walleye,516,1500,,,,
8836,61620,Walleye,486,1100,,,,
8836,61621,Walleye,531,1300,,,,
8836,61622,White sucker,496,1700,,,,
8836,61623,White sucker,477,1300,,,,
8839,61624,White sucker,459,1500,,,,
8839,61625,White sucker,411,1300,,,,
8839,61626,White sucker,492,1600,,,,
8839,61627,White sucker,470,1500,,,,
8839,61628,Silver redhorse,396,900,,,,
8839,61629,Lake sturgeon,433,500,,,,
8839,61630,Lake sturgeon,672,1500,,,,
10756,77543,Lake sturgeon,1150,7711,,,,
10757,77544,Lake sturgeon,532,700,,,,
10757,77545,Silver redhorse,447,1400,,,,
10757,77546,White sucker,524,700,,,,
10757,77547,White sucker,476,1300,,,,
10757,77548,Silver redhorse,456,1300,,,,
10757,77549,Silver redhorse,422,1100,,,,
10757,77550,Silver redhorse,445,1100,,,,
10757,77551,White sucker,457,1300,,,,
10757,77552,Silver redhorse,448,1200,,,,
10757,77553,White sucker,454,1400,,,,
10757,77554,Silver redhorse,449,1400,,,,
10757,77555,White sucker,432,1300,,,,
10757,77556,Silver redhorse,474,1400,,,,
10757,77557,Longnose sucker,449,1500,,,,
10757,77558,White sucker,467,1400,,,,
10757,77559,Longnose sucker,415,1000,,,,
10757,77560,White sucker,477,1300,,,,
10757,77561,White sucker,447,1200,,,,
10757,77562,White sucker,510,1700,,,,
10757,77563,White sucker,430,1100,,,,
10757,77564,Longnose sucker,444,1200,,,,
10757,77565,Longnose sucker,438,1200,,,,
10757,77566,White sucker,451,1300,,,,
10757,77567,White sucker,455,1300,,,,
10757,77568,Walleye,509,1500,,,,
10757,77569,Walleye,572,2400,,,,
10763,77570,Walleye,821,6804,,,,
10763,77571,Lake sturgeon,786,2400,,,,
10763,77572,Lake sturgeon,647,1100,,,,
10763,77573,Walleye,557,2000,,,,
10763,77574,Walleye,512,1400,,,,
10763,77575,Walleye,524,2000,,,,
10769,77576,Brown trout,710,4100,,,,
10769,77577,Walleye,670,5000,,,,
10769,77578,Northern pike,703,2500,,,,
10769,77579,Shorthead redhorse,487,1600,,,,
10769,77580,Silver redhorse,465,1400,,,,
10769,77581,Longnose sucker,437,1000,,,,
10769,77582,White sucker,472,1300,,,,
10769,77583,Longnose sucker,435,1200,,,,
10769,77584,Silver redhorse,511,1700,,,,
10769,77585,Shorthead redhorse,460,1500,,,,
10769,77586,Silver redhorse,458,1400,,,,
10769,77587,Silver redhorse,440,1200,,,,
10769,77588,Silver redhorse,425,1000,,,,
10769,77589,White sucker,498,1700,,,,
10769,77590,Silver redhorse,414,1100,,,,
10769,77591,White sucker,476,1400,,,,
10769,77592,Silver redhorse,464,1200,,,,
10769,77593,White sucker,443,1000,,,,
10769,77594,Silver redhorse,459,1300,,,,
10769,77595,White sucker,481,1600,,,,
10769,77596,White sucker,485,1400,,,,
10769,77597,Longnose sucker,365,600,,,,
10769,77598,Walleye,585,2100,,,,
10769,77599,White sucker,456,1200,,,,
10775,77600,Lake sturgeon,594,900,,,,
10775,77601,Lake sturgeon,841,2800,,,,
10775,77602,Lake sturgeon,524,700,,,,
10775,77603,Lake sturgeon,573,900,,,,
10775,77604,Lake sturgeon,736,1800,,,,
10775,77605,Walleye,515,1650,,,,
10775,77606,White sucker,463,1100,,,,
10775,77607,White sucker,502,1800,,,,
10775,77608,White sucker,473,1300,,,,
10775,77609,White sucker,488,1500,,,,
10775,77610,White sucker,481,1500,,,,
10775,77611,White sucker,423,1000,,,,
10775,77612,White sucker,480,1400,,,,
10775,77613,White sucker,476,1400,,,,
10775,77614,White sucker,476,1400,,,,
10775,77615,Longnose sucker,474,1400,,,,
10775,77616,Longnose sucker,423,1100,,,,
10775,77617,White sucker,488,1500,,,,
10775,77618,Longnose sucker,476,1400,,,,
10775,77619,White sucker,472,1400,,,,
10775,77620,Longnose sucker,487,1500,,,,
10775,77621,Longnose sucker,502,1500,,,,
10775,77622,Silver redhorse,418,1000,,,,
10775,77623,Silver redhorse,438,1200,,,,
10775,77624,Silver redhorse,469,1500,,,,
10775,77625,Silver redhorse,444,1300,,,,
10775,77626,Silver redhorse,432,1100,,,,
10775,77627,Silver redhorse,495,1700,,,,
10775,77628,Silver redhorse,425,1000,,,,
10775,77629,Silver redhorse,485,1500,,,,
10775,77630,Shorthead redhorse,432,1100,,,,
10775,77631,Silver redhorse,541,2200,,,,
10775,77632,White sucker,464,1300,,,,
10775,77633,Longnose sucker,440,1200,,,,
10775,77634,White sucker,454,1300,,,,
10775,77635,Brown trout,549,2000,,,,
10775,77636,Walleye,600,2600,,,,
10775,77637,Walleye,533,1700,,,,
10781,77638,Lake sturgeon,852,3300,,,,
10781,77639,Walleye,500,,,,,
10781,77640,Walleye,558,,,,,
10781,77641,Burbot,690,,,,,
10787,77642,Lake sturgeon,552,800,,,,
10787,77643,Walleye,575,,,,,
10787,77644,Walleye,471,,,,,
10787,77645,Walleye,481,,,,,
10787,77646,Walleye,568,,,,,
10787,77647,Walleye,531,,,,,
10787,77648,Walleye,516,,,,,
10787,77649,Walleye,525,,,,,
10795,77650,Lake sturgeon,834,2800,,,,
10795,77651,Lake sturgeon,762,2000,,,,
10795,77652,Smallmouth bass,410,1100,,,,
10795,77653,Walleye,500,1500,,,,
10795,77654,Silver redhorse,471,1400,,,,
10795,77655,Walleye,523,1300,,,,
10795,77656,Longnose sucker,424,1000,,,,
10795,77657,Walleye,510,1500,,,,
10795,77658,White sucker,470,1300,,,,
10795,77659,Walleye,520,1600,,,,
10795,77660,White sucker,490,1500,,,,
10795,77661,Longnose sucker,448,1200,,,,
10795,77662,White sucker,472,1400,,,,
10795,77663,White sucker,501,1600,,,,
10795,77664,Longnose sucker,462,1300,,,,
10795,77665,White sucker,521,1600,,,,
10795,77666,Longnose sucker,458,1200,,,,
10795,77667,Longnose sucker,430,1100,,,,
10795,77668,Walleye,526,1600,,,,
10795,77669,White sucker,422,1000,,,,
10795,77670,White sucker,489,1500,,,,
10795,77671,Longnose sucker,481,1400,,,,
10796,77672,Lake sturgeon,1231,8391,,,,
10796,77673,Lake sturgeon,747,2200,,,,
10796,77674,Walleye,522,1500,,,,
10796,77675,Walleye,495,1300,,,,
10796,77676,Walleye,677,3600,,,,
10796,77677,Walleye,582,2000,,,,
10796,77678,Walleye,566,2200,,,,
10796,77679,Walleye,540,1400,,,,
10796,77680,Walleye,487,1400,,,,
10796,77681,Walleye,507,1500,,,,
10796,77682,Longnose sucker,419,1000,,,,
10796,77683,White sucker,450,1100,,,,
10796,77684,White sucker,432,1100,,,,
10796,77685,Silver redhorse,450,1300,,,,
10796,77686,Longnose sucker,470,1300,,,,
10796,77687,Walleye,671,3500,,,,
10796,77688,Walleye,594,2200,,,,
10796,77689,Brown trout,560,2200,,,,
10803,77690,Walleye,487,1300,,,,
10803,77691,Walleye,704,3900,,,,
10803,77692,Walleye,500,1800,,,,
10803,77693,Walleye,743,4200,,,,
10803,77694,Walleye,610,2400,,,,
10803,77695,Walleye,520,1400,,,,
10803,77696,Walleye,455,1200,,,,
10803,77697,Walleye,507,1300,,,,
10803,77698,Shorthead redhorse,462,1300,,,,
10803,77699,Shorthead redhorse,466,1300,,,,
10803,77700,Lake trout (Wild),621,2200,,,,
10803,77701,Silver redhorse,455,1100,,,,
10803,77702,Walleye,529,1600,,,,
10803,77703,White sucker,450,1200,,,,
10803,77704,Shorthead redhorse,440,1000,,,,
10803,77705,Longnose sucker,440,1200,,,,
10803,77706,Walleye,542,2000,,,,
10803,77707,White sucker,482,1400,,,,
10803,77708,Shorthead redhorse,477,1200,,,,
10803,77709,Silver redhorse,427,1000,,,,
10803,77710,Walleye,499,1400,,,,
10803,77711,Walleye,529,1800,,,,
10803,77712,White sucker,465,1300,,,,
10803,77713,Silver redhorse,435,1000,,,,
10803,77714,Silver redhorse,423,1000,,,,
10803,77715,Silver redhorse,450,1200,,,,
10803,77716,Silver redhorse,466,1500,,,,
10803,77717,White sucker,475,1500,,,,
10803,77718,Silver redhorse,478,1400,,,,
10803,77719,Lake trout (Wild),726,3100,,,,
10803,77720,Lake trout (Hatchery),781,5200,,,,
10803,77721,Lake whitefish,557,1800,,,,
10803,77722,Walleye,594,2500,,,,
10803,77723,Walleye,555,2200,,,,
10803,77724,Walleye,577,2200,,,,
10803,77725,Walleye,514,1500,,,,
10803,77726,Walleye,503,1700,,,,
10803,77727,Walleye,561,2000,,,,
10803,77728,Walleye,481,1400,,,,
10809,77729,Lake trout (Wild),670,2000,,,,
10809,77730,Lake trout (Wild),778,4000,,,,
10809,77731,Lake trout (Hatchery),841,6000,,,,
10809,77732,Lake trout (Wild),712,3000,,,,
10809,77733,Lake trout (Wild),741,3600,,,,
10809,77734,Lake trout (Wild),801,4600,,,,
10809,77735,Walleye,565,2000,,,,
10809,77736,Walleye,612,2500,,,,
10809,77737,Lake trout (Wild),640,2000,,,,
10809,77738,Longnose sucker,410,900,,,,
10809,77739,Lake trout (Wild),675,2600,,,,
10809,77740,Longnose sucker,465,1000,,,,
10809,77741,Longnose sucker,450,1200,,,,
10809,77742,White sucker,435,1200,,,,
10809,77743,Walleye,515,1500,,,,
10809,77744,White sucker,453,1200,,,,
10809,77745,Longnose sucker,478,1200,,,,
10809,77746,Shorthead redhorse,453,1100,,,,
10809,77747,Longnose sucker,484,1300,,,,
10809,77748,Shorthead redhorse,475,1100,,,,
10809,77749,Shorthead redhorse,421,900,,,,
10809,77750,Shorthead redhorse,470,1000,,,,
10809,77751,Walleye,472,1100,,,,
10809,77752,Lake trout (Wild),625,2400,,,,
10809,77753,Lake trout (Wild),691,3000,,,,
10809,77754,Walleye,677,3700,,,,
10809,77755,Walleye,594,2200,,,,
10809,77756,Walleye,545,2000,,,,
10809,77757,Walleye,561,2000,,,,
10809,77758,Walleye,611,2600,,,,
10809,77759,Walleye,577,2300,,,,
10809,77760,Lake trout (Wild),747,4100,,,,
10809,77761,Lake trout (Wild),713,3500,,,,
10809,77762,Lake trout (Wild),630,2400,,,,
10809,77763,Lake trout (Wild),645,2500,,,,
10809,77764,Lake trout (Wild),604,1600,,,,
10809,77765,Walleye,525,1600,,,,
10809,77766,Walleye,547,1800,,,,
10809,77767,Lake trout (Wild),647,2900,,,,
10809,77768,Lake trout (Wild),702,3500,,,,
10809,77769,Lake trout (Wild),751,4100,,,,
10809,77770,Lake trout (Wild),612,2100,,,,
10809,77771,Walleye,511,1600,,,,
10809,77772,Walleye,593,2400,,,,
10809,77773,Lake trout (Wild),663,2200,,,,
10809,77774,Walleye,568,2100,,,,
10809,77775,Walleye,602,2700,,,,
10809,77776,Walleye,509,1500,,,,
10809,77777,Walleye,546,2000,,,,
10809,77778,Walleye,553,2100,,,,
10809,77779,Walleye,561,2100,,,,
10809,77780,Longnose sucker,454,1200,,,,
10817,77781,Walleye,522,1400,,,,
10817,77782,Lake trout (Wild),567,1400,,,,
10817,77783,Lake sturgeon,407,250,,,,
10817,77784,Lake sturgeon,775,2400,,,,
10818,77785,Lake sturgeon,561,,,,,
10818,77786,Lake sturgeon,480,500,,,,
10818,77787,Walleye,533,1600,,,,
10825,77788,Lake sturgeon,842,2700,,,,
10825,77789,Lake sturgeon,855,2500,,,,
10825,77790,Lake sturgeon,476,500,,,,
10825,77791,Walleye,528,1400,,,,
10825,77792,Walleye,522,1200,,,,
10825,77793,Walleye,471,1200,,,,
10825,77794,Lake whitefish,530,1400,,,,
10831,77795,Walleye,541,1500,,,,
10831,77796,Lake trout (Wild),688,2700,,,,
12280,99300,Walleye,518,1500,,,,
12283,99301,Walleye,560,1700,,,,
12283,99302,Walleye,564,1900,,,,
12283,99303,Walleye,626,2600,,,,
12283,99304,Walleye,541,1500,,,,
12283,99305,Walleye,594,2200,,,,
12286,99306,Lake sturgeon,610,1100,,,,
12286,99307,Walleye,586,1900,,,,
12286,99308,Walleye,548,1600,,,,
12286,99309,Walleye,595,2100,,,,
12286,99310,Walleye,605,2400,,,,
12289,99311,Walleye,533,1500,,,,
12289,99312,Walleye,514,1400,,,,
12291,99313,Lake sturgeon,854,2900,,,,
12292,99314,Lake sturgeon,576,900,,,,
12292,99315,Smallmouth bass,429,1600,,,,
12293,99316,Lake sturgeon,1085,6600,,,,
12295,99318,Lake sturgeon,543,800,,,,
12295,99319,Lake sturgeon,588,1000,,,,
12295,99320,Smallmouth bass,404,1300,,,,
12296,99321,Lake sturgeon,1154,9700,,,,
12297,99322,Lake sturgeon,915,3950,,,,
12298,99323,Walleye,539,1400,,,,
12304,99324,Brown trout,583,2400,,,,
12308,99325,Lake sturgeon,910,3750,,,,
12309,99326,Lake sturgeon,994,5200,,,,
12309,99327,Lake sturgeon,983,4900,,,,
12311,99328,Walleye,545,1700,,,,
12316,99329,Lake sturgeon,550,700,,,,
12316,99330,Lake sturgeon,484,575,,,,
12316,99331,Lake sturgeon,614,1150,,,,
12316,99332,Lake sturgeon,567,900,,,,
12316,99333,Lake sturgeon,574,800,,,,
12316,99334,Walleye,500,1350,,,,
12316,99335,Brown trout,670,4000,,,,
12316,99336,Walleye,563,1650,,,,
12316,99337,Brown trout,525,1650,,,,
12316,99338,Brown trout,549,1800,,,,
12319,99339,Lake sturgeon,560,875,,,,
12319,99340,Lake sturgeon,660,800,,,,
12319,99341,Walleye,509,1250,,,,
12319,99342,Brown trout,532,1600,,,,
12319,99343,Brown trout,516,1700,,,,
12319,99344,Brown trout,524,1800,,,,
12320,99345,Lake sturgeon,504,750,,,,
12320,99346,Lake sturgeon,588,850,,,,
12320,99347,Smallmouth bass,383,1000,,,,
12320,99348,Brown trout,569,2100,,,,
12320,99349,Brown trout,524,2100,,,,
12323,99350,Lake sturgeon,500,600,,,,
12323,99351,Lake sturgeon,835,3150,,,,
12323,99352,Walleye,649,2700,,,,
12323,99353,Walleye,565,1850,,,,
12323,99354,Brown trout,510,1400,,,,
12324,99355,Lake sturgeon,628,953,,,,
12324,99356,Lake sturgeon,534,750,,,,
12324,99357,Smallmouth bass,407,1350,,,,
12324,99358,Walleye,440,950,,,,
12324,99359,Walleye,558,1800,,,,
12324,99360,Walleye,598,2100,,,,
12324,99361,Walleye,593,2000,,,,
12324,99362,Brown trout,624,3000,,,,
12327,99363,Lake sturgeon,543,800,,,,
12327,99364,Lake sturgeon,835,3200,,,,
12327,99365,Brown trout,513,1200,,,,
12327,99366,Brown trout,517,2000,,,,
12328,99367,Lake sturgeon,978,5150,,,,
12332,99368,Lake sturgeon,660,1350,,,,
12332,99369,Lake sturgeon,630,1500,,,,
12334,99370,Lake sturgeon,962,4400,,,,
12338,99371,Smallmouth bass,405,1000,,,,
12338,99372,Walleye,600,2500,,,,
12338,99373,Brown trout,505,1600,,,,
12340,99374,Lake sturgeon,952,4600,,,,
12341,99375,Brown trout,580,2500,,,,
12341,99376,Brown trout,640,3000,,,,
12342,99377,Lake sturgeon,1031,4900,,,,
12342,99378,Lake sturgeon,770,2900,,,,
12342,99379,Smallmouth bass,400,1000,,,,
12342,99380,Smallmouth bass,404,1150,,,,
12342,99381,Brown trout,745,4650,,,,
12342,99382,Walleye,551,2000,,,,
12342,99383,Walleye,521,1550,,,,
12342,99384,Walleye,568,1700,,,,
12345,99385,Lake sturgeon,615,1050,,,,
12345,99386,Lake sturgeon,695,1600,,,,
12345,99387,Lake sturgeon,821,2650,,,,
12345,99388,Lake sturgeon,787,2550,,,,
12345,99389,Lake sturgeon,880,3500,,,,
12345,99390,Lake sturgeon,847,3200,,,,
12345,99391,Lake sturgeon,647,1150,,,,
12345,99392,Brown trout,685,4300,,,,
12345,99393,Brown trout,615,2600,,,,
12345,99394,Brown trout,682,3800,,,,
12345,99395,Brown trout,536,1500,,,,
12345,99396,Brown trout,736,4300,,,,
12345,99397,Walleye,568,1600,,,,
12345,99398,Walleye,542,1650,,,,
12345,99399,Walleye,572,2000,,,,
12345,99400,Walleye,534,1550,,,,
12345,99401,Walleye,609,2250,,,,
12347,99402,Brown trout,684,3600,,,,
12348,99403,Lake sturgeon,851,2700,,,,
12348,99404,Lake sturgeon,624,1150,,,,
12348,99405,Lake sturgeon,793,2550,,,,
12348,99406,Lake sturgeon,675,1550,,,,
12348,99407,Lake sturgeon,846,2750,,,,
12348,99408,Lake sturgeon,580,850,,,,
12348,99409,Walleye,582,2200,,,,
12348,99410,Walleye,692,3000,,,,
12348,99411,Walleye,570,1800,,,,
12348,99412,Walleye,534,1500,,,,
12348,99413,Walleye,620,2400,,,,
12348,99414,Walleye,609,2200,,,,
12348,99415,Brown trout,314,1600,,,,
12349,99416,Lake sturgeon,1045,6750,,,,
12351,99417,Lake sturgeon,581,850,,,,
12351,99418,Lake sturgeon,508,600,,,,
12351,99419,Walleye,600,2000,,,,
12351,99420,Walleye,571,2000,,,,
12356,99421,Lake sturgeon,597,1150,,,,
12356,99422,Brown trout,535,2100,,,,
12359,99423,Walleye,568,1600,,,,
12359,99424,Brown trout,728,3500,,,,
12360,99425,Lake sturgeon,490,600,,,,
12363,99426,Lake sturgeon,486,600,,,,
12366,99427,Lake sturgeon,1050,5300,,,,
12366,99428,Lake sturgeon,1051,5200,,,,
12368,99429,Lake sturgeon,831,3050,,,,
12368,99430,Lake sturgeon,903,4300,,,,
12368,99431,Smallmouth bass,433,1250,,,,
12368,99432,Smallmouth bass,403,1200,,,,
12368,99433,Smallmouth bass,454,1450,,,,
12368,99434,Walleye,573,1900,,,,
12368,99435,Walleye,490,1200,,,,
12368,99436,Walleye,600,1800,,,,
12368,99437,Rainbow trout (Steelhead),646,2300,,,,
12368,99438,Walleye,502,1200,,,,
12368,99439,Walleye,591,2000,,,,
12368,99440,Walleye,604,1950,,,,
12368,99441,Walleye,545,1900,,,,
12368,99442,Walleye,650,3000,,,,
12371,99443,Walleye,500,1250,,,,
12371,99444,Walleye,635,2300,,,,
12371,99445,Walleye,611,1950,,,,
12371,99446,Walleye,541,1600,,,,
14824,119105,Lake sturgeon,932,4250,,,,
14824,119106,Lake sturgeon,726,1800,,,,
14828,119107,Smallmouth bass,450,1502,,,,
14828,119108,Lake sturgeon,708,1550,,,,
14828,119109,Lake sturgeon,851,2750,,,,
14829,119110,Lake sturgeon,851,3000,,,,
14831,119111,Lake sturgeon,956,4800,,,,
14831,119112,Smallmouth bass,404,1050,,,,
14831,119113,Smallmouth bass,457,1500,,,,
14831,119114,Walleye,603,1950,,,,
14831,119115,Walleye,529,1450,,,,
14836,119116,Lake sturgeon,411,1100,,,,
14839,119117,Smallmouth bass,382,1000,,,,
14842,119118,Lake sturgeon,639,1100,,,,
14845,119119,Brown trout,706,3600,,,,
14846,119120,Lake sturgeon,955,3750,,,,
14846,119121,Walleye,571,1800,,,,
14849,119122,Lake sturgeon,,,,,,
14855,119123,Lake sturgeon,636,1200,,,,
14855,119124,Lake sturgeon,677,1400,,,,
14855,119125,Lake sturgeon,636,1300,,,,
14856,119126,Walleye,637,2250,,,,
14859,119127,Walleye,645,2900,,,,
14859,119128,Lake sturgeon,700,1600,,,,
14859,119129,Lake sturgeon,602,1050,,,,
14859,119130,Lake sturgeon,829,3000,,,,
14860,119131,Lake sturgeon,1068,7700,,,,
14867,119132,Burbot,625,1550,,,,
14867,119133,Burbot,650,2000,,,,
14867,119134,Brown trout,690,3100,,,,
14870,119139,Lake sturgeon,636,1050,,,,
14872,119140,Lake sturgeon,1021,5400,,,,
14873,119141,Lake sturgeon,619,1150,,,,
14873,119142,Lake sturgeon,691,1600,,,,
14876,119143,Burbot,754,2500,,,,
14876,119144,Lake trout (Wild),625,2000,,,,
14876,119145,Lake trout (Wild),480,1000,,,,
14879,119146,Burbot,644,1700,,,,
14882,119147,Lake sturgeon,963,4800,,,,
14884,119148,Lake sturgeon,645,1300,,,,
14884,119149,Lake sturgeon,656,1550,,,,
14884,119150,Brown trout,480,1100,,,,
14885,119151,Lake sturgeon,882,4400,,,,
14885,119152,Lake sturgeon,912,4150,,,,
14885,119153,Lake sturgeon,804,3000,,,,
14887,119154,Lake sturgeon,645,1350,,,,
14887,119155,Lake sturgeon,613,1300,,,,
14887,119156,Lake sturgeon,581,900,,,,
14887,119157,Lake sturgeon,734,1800,,,,
14890,119158,Smallmouth bass,390,600,,,,
14891,119159,Lake sturgeon,1088,6600,,,,
14891,119160,Lake sturgeon,1006,5200,,,,
14893,119161,Lake sturgeon,901,3800,,,,
14893,119162,Smallmouth bass,372,500,,,,
14893,119163,Walleye,619,1100,,,,
14898,119164,Walleye,642,2250,,,,
14902,119165,Walleye,610,2000,,,,
14904,119166,Lake trout (Wild),595,1600,,,,
14904,119167,Brown trout,471,1300,,,,
14907,119168,Walleye,565,1600,,,,
14907,119169,Brown trout,560,1700,,,,
14907,119170,Walleye,642,2400,,,,
14912,119171,Smallmouth bass,474,1900,,,,
14912,119172,Smallmouth bass,409,1300,,,,
14912,119173,Smallmouth bass,483,1800,,,,
14912,119174,Walleye,522,1400,,,,
14912,119175,Walleye,625,2150,,,,
14915,119176,Lake sturgeon,668,1400,,,,
14915,119177,Walleye,565,1700,,,,
14915,119178,Smallmouth bass,378,850,,,,
14915,119179,Walleye,590,1900,,,,
14915,119180,Smallmouth bass,479,1650,,,,
14915,119181,Walleye,578,1700,,,,
14915,119182,Walleye,577,1800,,,,
14916,119183,Lake sturgeon,979,4750,,,,
14918,119184,Lake sturgeon,657,1400,,,,
14918,119185,Smallmouth bass,475,1900,,,,
14921,119186,Walleye,570,1900,,,,
15531,124932,Brown trout,551,1500,,,,
15531,124933,Walleye,551,1800,,,,
15531,124934,Walleye,565,2000,,,,
15534,124935,Lake trout (Wild),634,2200,,,,
15534,124936,Walleye,668,2500,,,,
15534,124937,Lake sturgeon,725,1700,,,,
15539,124938,Smallmouth bass,396,1000,,,,
15539,124939,Walleye,575,1900,,,,
15539,124940,Walleye,586,1950,,,,
15542,124941,Walleye,671,2800,,,,
15542,124942,Walleye,578,1800,,,,
15542,124943,Smallmouth bass,383,1000,,,,
15542,124944,Walleye,603,1900,,,,
15542,124945,Walleye,568,1600,,,,
15542,124946,Lake whitefish,503,1200,,,,
15543,124947,Walleye,560,1600,,,,
15543,124948,Northern pike,771,3000,,,,
15544,124949,Lake sturgeon,1000,5100,,,,
15544,124950,Lake sturgeon,1028,6500,,,,
15561,124986,Walleye,638,2500,,,,
15564,124987,Lake whitefish,528,1300,,,,
15567,124988,Lake trout (Wild),769,3700,,,,
15572,124990,Walleye,555,1600,,,,
15572,124991,Rainbow trout (Steelhead),524,1300,,,,
15579,124992,Brown trout,490,1400,,,,
15583,124993,Lake sturgeon,1080,7500,,,,
15584,124994,Lake whitefish,545,1500,,,,
15584,124995,Lake trout (Wild),660,2600,,,,
15584,124996,Lake trout (Wild),570,1600,,,,
15584,124997,Brown trout,578,2000,,,,
15584,124998,Brown trout,574,1800,,,,
15587,124999,Lake trout (Wild),720,3200,,,,
15587,125000,Walleye,561,1700,,,,
15587,125001,Lake trout (Wild),645,2600,,,,
15587,125002,Lake trout (Wild),688,2900,,,,
15591,125003,Walleye,575,1600,,,,
15596,125004,Lake sturgeon,703,1950,,,,
15596,125005,Walleye,390,1800,,,,
15596,125006,Lake whitefish,520,1400,,,,
15596,125007,Lake whitefish,574,1800,,,,
15599,125008,Walleye,547,1500,,,,
15599,125009,Brown trout,561,1950,,,,
15599,125010,Chinook salmon,567,1600,,,,
15605,125011,Lake trout (Wild),665,2700,,,,
15605,125012,Lake trout (Wild),624,1800,,,,
15605,125013,Lake whitefish,582,2100,,,,
15605,125014,Lake trout (Wild),573,1500,,,,
15605,125015,Lake trout (Wild),611,1900,,,,
15605,125016,Lake trout (Wild),680,2800,,,,
15606,125017,Lake sturgeon,729,2000,,,,
15606,125018,Lake sturgeon,720,1700,,,,
15606,125019,Walleye,642,2300,,,,
15609,125020,Lake trout (Wild),619,,,,,
15614,125021,Brown trout,647,2400,,,,
15617,125022,Brown trout,519,1600,,,,
15617,125023,Lake trout (Wild),637,2300,,,,
15618,125024,Brown trout,680,2900,,,,
15621,125025,Lake whitefish,518,1200,,,,
15627,125026,Lake whitefish,580,1700,,,,
15627,125027,Brown trout,630,2800,,,,
15632,125028,Lake whitefish,572,1800,,,,
15632,125029,Lake whitefish,589,2200,,,,
15635,125030,Walleye,577,1700,,,,
15635,125031,Walleye,572,1700,,,,
15636,125032,Lake sturgeon,1034,6500,,,,
15638,125033,Lake sturgeon,853,4200,,,,
15638,125034,Smallmouth bass,404,1000,,,,
16126,131804,Brown trout,571,1800,,,,
16127,131805,Lake sturgeon,1099,7100,,,,
16127,131806,Lake sturgeon,1143,7000,,,,
16130,131807,Lake sturgeon,901,3050,,,,
16130,131808,Lake trout (Wild),637,2200,,,,
16130,131809,Lake whitefish,557,2000,,,,
16130,131810,Walleye,664,2500,,,,
16130,131811,Walleye,595,1800,,,,
16133,131812,Walleye,592,1850,,,,
16133,131813,Walleye,595,1800,,,,
16133,131814,Walleye,600,1800,,,,
16135,131815,Lake sturgeon,1050,4900,,,,
16143,131816,Burbot,670,2300,,,,
16143,131817,Brown trout,496,1600,,,,
16144,131818,Lake sturgeon,707,1500,,,,
16147,131819,Lake sturgeon,785,2500,,,,
16148,131820,Lake sturgeon,1002,5150,,,,
16148,131821,Lake sturgeon,674,1800,,,,
16153,131822,Brown trout,611,2000,,,,
16153,131823,Lake whitefish,583,1700,,,,
16158,131824,Lake sturgeon,1093,6100,,,,
16159,131825,Burbot,736,3200,,,,
16159,131826,Lake whitefish,518,1200,,,,
16167,131827,Burbot,640,2000,,,,
16167,131828,Brown trout,618,2200,,,,
16169,131829,Lake sturgeon,414,250,,,,
16169,131830,Burbot,592,1900,,,,
16169,131831,Lake trout (Wild),673,2700,,,,
16171,131832,Lake sturgeon,1079,6200,,,,
16171,131833,Lake trout (Wild),647,2300,,,,
16174,131834,Lake sturgeon,1195,11300,,,,
16176,131835,Lake sturgeon,759,2100,,,,
16176,131836,Lake sturgeon,719,2100,,,,
16176,131837,Lake sturgeon,887,4400,,,,
16176,131838,Chinook salmon,275,150,,,,
16176,131839,Lake trout (Wild),642,2150,,,,
16176,131840,Lake whitefish,535,1450,,,,
16178,131841,Lake sturgeon,1146,9700,,,,
16178,131842,Lake sturgeon,997,6300,,,,
16180,131843,Burbot,654,2200,,,,
16183,131844,Burbot,699,1700,,,,
16183,131845,Lake whitefish,524,1400,,,,
16183,131846,Brown trout,580,1700,,,,
16183,131847,Lake trout (Wild),651,2500,,,,
16191,131848,Lake trout (Wild),660,2200,,,,
16194,131849,Siscowet (fat trout),557,1500,,,,
16197,131850,Lake trout (Wild),570,1400,,,,
16198,131851,Lake whitefish,525,1300,,,,
16201,131852,Brown trout,524,1500,,,,
16201,131853,Lake whitefish,514,1400,,,,
16205,131854,Lake sturgeon,960,4300,,,,
16206,131855,Burbot,541,1500,,,,
16206,131856,Lake whitefish,545,1400,,,,
16206,131857,Lake whitefish,559,1500,,,,
16206,131858,Brown trout,612,1700,,,,
16211,131859,Lake sturgeon,760,2200,,,,
16211,131860,Walleye,635,2600,,,,
16211,131861,Lake whitefish,546,1700,,,,
16211,131862,Walleye,288,300,,,,
16212,131866,Lake sturgeon,853,3300,,,,
16214,131867,Lake whitefish,540,1700,,,,
16214,131868,Lake whitefish,515,1300,,,,
16214,131869,Brown trout,542,1600,,,,
16215,131870,Lake sturgeon,725,1700,,,,
16829,139263,Walleye,595,,,,,
16829,139264,Lake trout (Wild),519,1300,,,,
16829,139265,Burbot,626,1700,,,,
16835,139266,Walleye,598,2000,,,,
16838,139267,Walleye,588,1900,,,,
16838,139268,Brown trout,632,3100,,,,
16843,139269,Lake whitefish,550,1500,,,,
16843,139270,Lake whitefish,509,1200,,,,
16843,139271,Brown trout,521,1600,,,,
16846,139272,Walleye,533,,,,,
16846,139273,Lake whitefish,575,1700,,,,
16846,139274,Brown trout,541,,,,,
16846,139275,Lake whitefish,502,1000,,,,
16846,139276,Lake whitefish,566,1600,,,,
16853,139277,Lake whitefish,554,1600,,,,
16859,139278,Lake whitefish,589,2000,,,,
16862,139279,Lake whitefish,527,1500,,,,
16867,139281,Walleye,594,1800,,,,
16867,139282,Brown trout,525,1500,,,,
16870,139283,Lake trout (Wild),428,,,,,
16870,139284,Walleye,562,,,,,
16870,139286,Walleye,595,2000,,,,
16870,139287,Walleye,616,2200,,,,
16870,139288,Lake sturgeon,475,500,,,,
16870,139289,Lake sturgeon,935,4900,,,,
16867,139290,Lake sturgeon,809,3100,,,,
16865,139291,Lake sturgeon,1135,7600,,,,
16873,139292,Lake whitefish,513,1300,,,,
16876,139293,Lake whitefish,633,3100,,,,
16877,139294,Walleye,378,,,,,
16877,139295,Walleye,598,2000,,,,
16877,139296,Siscowet (fat trout),577,1700,,,,
16878,139297,Lake sturgeon,859,3500,,,,
16880,139298,Walleye,631,2300,,,,
16880,139299,Lake whitefish,498,1200,,,,
16880,139300,Walleye,702,3200,,,,
16880,139301,Lake whitefish,511,1200,,,,
16886,139302,Lake trout (Wild),625,2000,,,,
16889,139303,Lake sturgeon,1075,7500,,,,
16890,139304,Walleye,540,,,,,
16894,139305,Lake trout (Wild),426,,,,,
16897,139306,Lake whitefish,551,1800,,,,
16900,139307,Lake whitefish,526,1300,,,,
16900,139308,Lake whitefish,481,900,,,,
16900,139309,Lake whitefish,537,1700,,,,
16903,139310,Walleye,666,2700,,,,
16907,139312,Walleye,599,1900,,,,
16915,139313,Walleye,571,,,,,
16915,139314,Walleye,599,,,,,
16915,139315,Brown trout,537,,,,,
17550,144628,Longnose sucker,440,1050,,,,
17550,144629,Longnose sucker,498,1100,,,,
17550,144630,Siscowet (fat trout),558,1300,,,,
17551,144631,Walleye,633,2600,,,,
17550,144632,Silver redhorse,477,1050,,,,
17553,144633,Longnose sucker,485,1150,,,,
17553,144634,Longnose sucker,453,900,,,,
17553,144635,Longnose sucker,476,1100,,,,
17553,144636,Longnose sucker,435,900,,,,
17558,144637,Longnose sucker,293,150,,,,
17558,144638,Shorthead redhorse,397,550,,,,
17561,144641,Lake sturgeon,1349,,,,,
17562,144646,Silver redhorse,468,1100,,,,
17565,144647,Longnose sucker,486,1150,,,,
17565,144648,Brown trout,629,2050,,,,
17568,144649,White sucker,444,900,,,,
17568,144650,Longnose sucker,471,1050,,,,
17571,144651,Silver redhorse,470,1100,,,,
17570,144653,Lake sturgeon,1183,9500,,,,
17571,144654,Longnose sucker,412,800,,,,
17571,144655,Silver redhorse,468,1050,,,,
17571,144656,White sucker,446,1050,,,,
17571,144657,Silver redhorse,445,950,,,,
17571,144658,Silver redhorse,439,1000,,,,
17571,144659,Silver redhorse,470,1200,,,,
17571,144660,Silver redhorse,459,1000,,,,
17571,144661,Lake trout (Wild),553,1500,,,,
17571,144662,Brown trout,589,2100,,,,
17574,144663,Lake sturgeon,691,1550,,,,
17574,144664,Lake sturgeon,416,300,,,,
17574,144665,Lake sturgeon,694,1700,,,,
17574,144666,Silver redhorse,487,1200,,,,
17574,144667,Lake trout (Wild),463,1050,,,,
17574,144668,Silver redhorse,499,1300,,,,
17574,144669,Brown trout,470,1400,,,,
17571,144670,Lake trout (Wild),646,2300,,,,
17571,144671,Longnose sucker,447,1150,,,,
17575,144672,Longnose sucker,506,1300,,,,
17575,144673,Longnose sucker,452,1100,,,,
17575,144674,Longnose sucker,437,800,,,,
17575,144675,Silver redhorse,467,1100,,,,
17575,144676,Silver redhorse,495,1150,,,,
17575,144677,Longnose sucker,492,1200,,,,
17575,144678,Goldfish,490,1200,,,,
17575,144679,Silver redhorse,457,1100,,,,
17575,144680,White sucker,475,1150,,,,
17575,144681,Silver redhorse,476,1100,,,,
17575,144682,White sucker,456,1200,,,,
17575,144683,White sucker,500,1500,,,,
17575,144684,White sucker,475,1300,,,,
17575,144685,Longnose sucker,313,400,,,,
17575,144686,Siscowet (fat trout),508,1100,,,,
17578,144687,Longnose sucker,458,1100,,,,
17578,144688,Longnose sucker,465,1000,,,,
17578,144689,White sucker,500,1400,,,,
17578,144690,Longnose sucker,448,1200,,,,
17578,144691,Silver redhorse,467,12000,,,,
17578,144692,White sucker,476,1400,,,,
17578,144693,Longnose sucker,512,1400,,,,
17578,144694,Siscowet (fat trout),655,2650,,,,
17581,144695,Lake sturgeon,588,1025,,,,
17581,144696,Lake sturgeon,369,225,,,,
17581,144697,Lake sturgeon,401,300,,,,
17581,144698,Brown trout,529,1700,,,,
17581,144699,Silver redhorse,541,10000,,,,
17581,144700,Silver redhorse,530,1550,,,,
17581,144701,Silver redhorse,440,950,,,,
17581,144702,Silver redhorse,440,950,,,,
17581,144703,Silver redhorse,452,1000,,,,
17581,144704,Silver redhorse,469,1050,,,,
17581,144705,Silver redhorse,468,1050,,,,
17581,144706,Silver redhorse,461,1000,,,,
17581,144707,Silver redhorse,488,1150,,,,
17581,144708,Silver redhorse,466,1100,,,,
17581,144709,Silver redhorse,466,1250,,,,
17581,144710,Silver redhorse,485,1250,,,,
17581,144711,Silver redhorse,457,1050,,,,
17581,144712,Silver redhorse,510,1450,,,,
17581,144713,Silver redhorse,511,1450,,,,
17581,144714,Silver redhorse,482,1200,,,,
17581,144715,Silver redhorse,463,1150,,,,
17581,144716,Silver redhorse,464,1100,,,,
17581,144717,Silver redhorse,457,1100,,,,
17581,144718,Silver redhorse,436,950,,,,
17581,144719,Silver redhorse,475,1200,,,,
17581,144720,Silver redhorse,422,950,,,,
17581,144721,Silver redhorse,489,1300,,,,
17581,144722,Silver redhorse,416,850,,,,
17581,144723,Silver redhorse,459,1200,,,,
17581,144724,Silver redhorse,441,900,,,,
17581,144725,Silver redhorse,466,1050,,,,
17581,144726,Silver redhorse,440,1000,,,,
17581,144727,Silver redhorse,487,1050,,,,
17581,144728,Silver redhorse,487,1050,,,,
17581,144729,Silver redhorse,437,875,,,,
17581,144730,Silver redhorse,460,1000,,,,
17581,144731,Silver redhorse,458,1050,,,,
17581,144732,Silver redhorse,438,850,,,,
17581,144733,Silver redhorse,443,1000,,,,
17581,144734,Silver redhorse,442,1000,,,,
17581,144735,Silver redhorse,442,1000,,,,
17581,144736,Silver redhorse,442,950,,,,
17581,144737,Silver redhorse,439,1000,,,,
17581,144738,Silver redhorse,505,14000,,,,
17581,144739,Silver redhorse,462,1000,,,,
17581,144740,Longnose sucker,440,750,,,,
17581,144741,Longnose sucker,467,1100,,,,
17584,144742,Silver redhorse,522,1400,,,,
17584,144743,Silver redhorse,491,1200,,,,
17584,144744,Silver redhorse,474,1100,,,,
17584,144745,Silver redhorse,453,1000,,,,
17584,144746,Silver redhorse,454,1000,,,,
17584,144747,Silver redhorse,458,1050,,,,
17584,144748,Silver redhorse,467,1100,,,,
17584,144749,Silver redhorse,444,1000,,,,
17584,144750,Silver redhorse,444,900,,,,
17584,144751,Brown trout,473,1200,,,,
17584,144752,Silver redhorse,428,1050,,,,
17584,144753,Silver redhorse,547,1650,,,,
17584,144754,Silver redhorse,457,1050,,,,
17584,144755,Silver redhorse,427,850,,,,
17584,144756,Silver redhorse,425,850,,,,
17584,144757,Silver redhorse,472,1150,,,,
17584,144758,Silver redhorse,426,850,,,,
17584,144759,Longnose sucker,473,1000,,,,
17584,144760,Longnose sucker,501,1150,,,,
17584,144761,Longnose sucker,470,1100,,,,
17584,144762,Longnose sucker,470,1000,,,,
17589,144763,Longnose sucker,387,514,,,,
17592,144764,Silver redhorse,471,1100,,,,
17593,144765,Silver redhorse,508,1500,,,,
17593,144766,Longnose sucker,491,1250,,,,
17593,144767,Silver redhorse,475,1100,,,,
17593,144768,Silver redhorse,447,950,,,,
17593,144769,Silver redhorse,457,1150,,,,
17593,144770,Silver redhorse,424,800,,,,
17593,144771,Silver redhorse,475,1200,,,,
17593,144772,Silver redhorse,472,1050,,,,
17593,144773,Silver redhorse,447,1000,,,,
17593,144774,Silver redhorse,510,1500,,,,
17593,144775,Silver redhorse,458,1050,,,,
17593,144776,Silver redhorse,445,1000,,,,
17593,144777,Silver redhorse,456,1000,,,,
17593,144778,Silver redhorse,464,1100,,,,
17596,144779,Silver redhorse,452,1050,,,,
17596,144780,Silver redhorse,476,1150,,,,
17596,144781,Silver redhorse,461,1000,,,,
17596,144782,Silver redhorse,475,1250,,,,
17596,144783,Silver redhorse,450,1000,,,,
17596,144784,Silver redhorse,454,1000,,,,
17596,144785,Silver redhorse,443,1050,,,,
17596,144786,Silver redhorse,465,1150,,,,
17596,144787,Silver redhorse,467,1150,,,,
17596,144788,Smallmouth bass,470,,,,,
17596,144789,Silver redhorse,465,1000,,,,
17596,144790,Silver redhorse,500,1150,,,,
17596,144791,Silver redhorse,470,1100,,,,
17596,144792,Silver redhorse,511,1400,,,,
17596,144793,Silver redhorse,482,1250,,,,
17596,144794,Silver redhorse,443,950,,,,
17596,144795,Silver redhorse,437,1000,,,,
17596,144796,Silver redhorse,426,900,,,,
17596,144797,Silver redhorse,452,1050,,,,
17596,144798,Silver redhorse,490,1300,,,,
17596,144799,Silver redhorse,475,1200,,,,
17596,144800,Silver redhorse,450,1050,,,,
17596,144801,Silver redhorse,467,1100,,,,
17596,144802,Silver redhorse,416,800,,,,
17596,144803,Silver redhorse,482,1100,,,,
17596,144804,Silver redhorse,444,900,,,,
17596,144805,Silver redhorse,462,1050,,,,
17596,144806,Silver redhorse,475,1100,,,,
17596,144807,Silver redhorse,470,1300,,,,
17596,144808,Silver redhorse,429,950,,,,
17596,144809,Silver redhorse,429,950,,,,
17596,144810,Silver redhorse,465,1050,,,,
17596,144811,Silver redhorse,412,900,,,,
17597,144812,Lake sturgeon,1098,6800,,,,
17599,144813,Smallmouth bass,385,800,,,,
17599,144814,Walleye,609,2100,,,,
17599,144815,Lake sturgeon,287,125,,,,
17599,144816,Lake sturgeon,356,200,,,,
17599,144817,Silver redhorse,461,1100,,,,
17599,144818,Silver redhorse,463,1100,,,,
17599,144819,Silver redhorse,547,1800,,,,
17599,144820,Silver redhorse,485,1250,,,,
17599,144821,Silver redhorse,470,1150,,,,
17606,144822,Lake sturgeon,935,4400,,,,
17607,144823,White sucker,510,1350,,,,
17607,144824,White sucker,646,1300,,,,
17610,144825,Brown trout,611,1900,,,,
17610,144826,White sucker,490,1300,,,,
17610,144827,Longnose sucker,486,1100,,,,
17616,144829,Lake sturgeon,542,650,,,,
17616,144830,Lake sturgeon,531,550,,,,
17616,144831,Brown trout,564,1900,,,,
17617,144832,Lake sturgeon,637,1325,,,,
17727,144940,Lake whitefish,521,1150,,,,
17727,144941,Brown trout,651,3400,,,,
17737,144942,Brown trout,542,2100,,,,
20002,179670,Walleye,528,1650,,,,
20005,179671,Lake sturgeon,579,850,,,,
20008,179672,Walleye,615,2400,,,,
20011,179673,Lake sturgeon,653,1300,,,,
20011,179674,Lake sturgeon,882,3700,,,,
20011,179675,Lake sturgeon,465,450,,,,
20015,179677,Burbot,585,1700,,,,
20023,179678,Lake sturgeon,671,1400,,,,
20023,179679,Lake trout (Wild),581,1600,,,,
20038,179680,Lake sturgeon,526,700,,,,
20044,179681,Lake sturgeon,1079,6900,,,,
20044,179682,Lake sturgeon,894,3600,,,,
20047,179684,Lake sturgeon,581,1000,,,,
20047,179685,Lake trout (Wild),630,2500,,,,
20050,179686,Brown trout,640,2700,,,,
20050,179687,Lake trout (Wild),760,3400,,,,
20053,179688,Lake sturgeon,597,1000,,,,
20056,179689,Lake whitefish,495,2000,,,,
20056,179690,Lake trout (Wild),650,2300,,,,
20056,179691,Lake trout (Wild),666,2500,,,,
20059,179692,Lake trout (Wild),770,3750,,,,
20063,179693,Lake trout (Wild),596,1500,,,,
20066,179694,Lake sturgeon,447,350,,,,
20066,179695,Lake trout (Wild),718,,,,,
20069,179696,Muskellunge,680,1200,,,,
20074,179697,Lake sturgeon,503,650,,,,
20074,179698,Lake trout (Wild),594,1800,,,,
20077,179699,Lake sturgeon,481,400,,,,
20078,179700,Lake sturgeon,498,600,,,,
20078,179701,Lake trout (Wild),581,,,,,
20078,179702,Brown trout,482,1100,,,,
20081,179703,Lake trout (Wild),735,2500,,,,
20084,179704,Lake trout (Wild),705,3200,,,,
20085,179705,Lake sturgeon,1210,,,,,
20087,179706,Lake trout (Wild),648,2700,,,,
20087,179707,Burbot,558,1300,,,,
20090,179708,Burbot,619,1700,,,,
20090,179709,Lake trout (Wild),701,3300,,,,
20769,193384,Lake sturgeon,511,550,,,,
20769,193385,Lake sturgeon,634,1300,,,,
20772,193386,Lake sturgeon,504,500,,,,
20778,193387,Lake sturgeon,537,800,,,,
20783,193388,Lake sturgeon,1190,,,,,
20782,193389,Lake sturgeon,484,500,,,,
20782,193390,Lake sturgeon,682,1500,,,,
20782,193391,Lake sturgeon,536,750,,,,
20782,193392,Lake sturgeon,563,900,,,,
20781,193393,Lake sturgeon,1315,,,,,
20780,193394,Lake sturgeon,980,5800,,,,
20779,193395,Lake sturgeon,554,875,,,,
20779,193396,Lake sturgeon,572,1000,,,,
20779,193397,Walleye,636,2400,,,,
20782,193398,Chinook salmon,325,300,,,,
20782,193399,Lake whitefish,452,1000,,,,
20788,193400,Lake sturgeon,570,900,,,,
20788,193401,Lake trout (Wild),651,2200,,,,
20788,193402,Lake trout (Wild),593,1600,,,,
20788,193403,Lake trout (Wild),552,1400,,,,
20788,193404,Lake trout (Wild),605,1900,,,,
20788,193405,Lake whitefish,554,1600,,,,
20785,193406,Lake sturgeon,514,650,,,,
20785,193407,Lake trout (Wild),661,2400,,,,
20796,193408,Lake sturgeon,455,400,,,,
20796,193409,Lake sturgeon,533,600,,,,
20796,193410,Burbot,638,1800,,,,
20794,193411,Lake sturgeon,1102,6800,,,,
20791,193412,Lake sturgeon,372,200,,,,
20791,193413,Lake sturgeon,605,1025,,,,
20791,193414,Lake trout (Wild),585,1800,,,,
20800,193415,Lake sturgeon,582,950,,,,
20808,193416,Burbot,612,1800,,,,
20805,193417,Lake sturgeon,561,850,,,,
20812,193418,Lake sturgeon,587,1100,,,,
20809,193419,Lake sturgeon,508,600,,,,
20809,193420,Lake trout (Wild),609,1700,,,,
20815,193421,Lake sturgeon,506,600,,,,
20815,193422,Lake sturgeon,528,700,,,,
20818,193423,Lake sturgeon,579,800,,,,
20818,193424,Lake sturgeon,686,1450,,,,
20819,193425,Lake sturgeon,1137,8000,,,,
20836,193426,Lake sturgeon,464,500,,,,
20844,193427,Lake whitefish,525,1200,,,,
20848,193428,Lake trout (Wild),620,2000,,,,
20848,193429,Burbot,595,1500,,,,
20845,193430,Brown trout,693,3000,,,,
20845,193431,Lake trout (Wild),738,4000,,,,
20845,193432,Burbot,641,1800,,,,
20856,193433,Brown trout,536,1600,,,,
20859,193434,Lake sturgeon,956,4800,,,,
20859,193435,Lake sturgeon,512,700,,,,
20857,193436,Lake sturgeon,1191,8400,,,,
21631,207074,Lake trout (Wild),673,2800,,,,
21639,207075,Lake sturgeon,542,800,,,,
21639,207076,Lake trout (Wild),647,2200,,,,
21642,207077,Lake trout (Wild),529,1200,,,,
21642,207078,Lake trout (Wild),562,1600,,,,
21642,207079,Lake trout (Wild),542,1300,,,,
21642,207080,Lake trout (Wild),550,1600,,,,
21643,207081,Lake whitefish,511,1000,,,,
21643,207082,Lake trout (Wild),548,1400,,,,
21646,207083,Lake whitefish,507,1400,,,,
21646,207084,Lake trout (Wild),640,2400,,,,
21646,207085,Lake trout (Wild),587,1900,,,,
21650,207086,Lake sturgeon,972,5100,,,,
21651,207087,Lake trout (Wild),538,1500,,,,
21651,207088,Lake trout (Wild),583,1600,,,,
21651,207089,Lake trout (Wild),642,2500,,,,
21651,207090,Lake whitefish,512,1200,,,,
21651,207091,Lake trout (Wild),523,1300,,,,
21651,207092,Lake whitefish,461,1000,,,,
21654,207093,Lake trout (Wild),508,1200,,,,
21655,207094,Brown trout,519,1400,,,,
21655,207095,Brown trout,671,2200,,,,
21655,207096,Lake whitefish,504,1200,,,,
21655,207097,Lake trout (Wild),677,2800,,,,
21655,207098,Lake trout (Wild),640,2100,,,,
21658,207099,Lake whitefish,480,1100,,,,
21658,207100,Lake trout (Wild),631,2300,,,,
21658,207101,Lake trout (Wild),625,1800,,,,
21658,207102,Lake whitefish,514,1300,,,,
21665,207103,Lake trout (Wild),970,9300,,,,
21671,207104,Lake sturgeon,1080,6700,,,,
21669,207105,Lake trout (Wild),558,1700,,,,
21669,207106,Lake trout (Wild),615,2100,,,,
21673,207107,Lake trout (Wild),653,2800,,,,
21673,207108,Lake trout (Wild),724,3500,,,,
21673,207109,Burbot,594,1500,,,,
21681,207110,Lake trout (Wild),676,2700,,,,
21681,207111,Lake whitefish,527,1300,,,,
21681,207112,Lake whitefish,527,1300,,,,
21681,207113,Lake trout (Wild),564,1600,,,,
21684,207114,Lake trout (Wild),585,1800,,,,
21684,207115,Lake whitefish,566,1600,,,,
21684,207116,Lake trout (Wild),645,2300,,,,
21684,207117,Lake trout (Wild),592,1900,,,,
21684,207118,Lake whitefish,604,2000,,,,
21684,207119,Lake whitefish,480,1000,,,,
21684,207120,Lake whitefish,502,1200,,,,
21684,207121,Lake whitefish,491,1200,,,,
21688,207122,Lake sturgeon,540,750,,,,
21685,207123,Lake trout (Wild),700,3400,,,,
21685,207124,Lake trout (Wild),545,1600,,,,
21685,207125,Brown trout,568,2000,,,,
21685,207126,Lake trout (Wild),527,1500,,,,
21685,207127,Brown trout,734,4200,,,,
21688,207128,Lake trout (Wild),602,2400,,,,
21688,207129,Lake trout (Wild),578,1600,,,,
21694,207130,Lake sturgeon,1143,6500,,,,
21693,207131,Lake trout (Wild),544,1800,,,,
21693,207132,Lake trout (Wild),491,1100,,,,
21693,207133,Lake trout (Wild),586,1600,,,,
21693,207134,Lake whitefish,508,1200,,,,
21696,207135,Lake trout (Wild),603,3100,,,,
21696,207136,Lake trout (Wild),521,1500,,,,
21700,207137,Lake sturgeon,547,850,,,,
21697,207138,Lake trout (Wild),588,1500,,,,
21697,207139,Lake trout (Wild),590,1600,,,,
21697,207140,Lake trout (Wild),561,1500,,,,
21700,207141,Lake trout (Wild),548,1400,,,,
21700,207142,Lake trout (Wild),584,1700,,,,
21700,207143,Lake trout (Wild),542,1400,,,,
21700,207144,Lake trout (Wild),585,1700,,,,
21700,207145,Lake trout (Wild),594,2000,,,,
21700,207146,Lake trout (Wild),649,2400,,,,
21700,207147,Lake whitefish,484,1000,,,,
21703,207148,Lake sturgeon,993,5500,,,,
21703,207149,Lake sturgeon,412,250,,,,
21705,207150,Lake sturgeon,1290,9500,,,,
21706,207151,Lake sturgeon,572,1000,,,,
21706,207152,Lake sturgeon,562,1000,,,,
21703,207153,Brown trout,585,2300,,,,
21704,207154,Brown trout,556,1500,,,,
21706,207155,Lake trout (Wild),596,1800,,,,
21706,207156,Lake whitefish,504,1100,,,,
21711,207157,Lake trout (Wild),551,1500,,,,
21711,207158,Lake trout (Wild),567,1700,,,,
21714,207159,Lake trout (Wild),552,1500,,,,
21714,207160,Lake trout (Wild),688,2500,,,,
21715,207161,Lake sturgeon,543,800,,,,
21715,207162,Lake sturgeon,478,500,,,,
21715,207163,Lake whitefish,516,1100,,,,
21715,207164,Lake trout (Wild),610,1700,,,,
21718,207165,Lake trout (Wild),519,1600,,,,
21718,207166,Lake trout (Wild),653,2500,,,,
